<?xml version="1.0"?>
<doc>
    <assembly>
        <name>Microsoft.SilverlightMediaFramework.Plugins.Progressive</name>
    </assembly>
    <members>
        <member name="T:Microsoft.SilverlightMediaFramework.Plugins.Progressive.InvalidPlaybackRateException">
            <summary>
            Represents errors that occur when a playback rate specified is not supported for the media item.
            </summary>
        </member>
        <member name="T:Microsoft.SilverlightMediaFramework.Plugins.Progressive.ProgressiveMediaPlugin">
            <summary>
            Represents a media plug-in that can play progressive download media.
            </summary>
        </member>
        <member name="M:Microsoft.SilverlightMediaFramework.Plugins.Progressive.ProgressiveMediaPlugin.Play">
            <summary>
            Starts playing the current media file from its current position.
            </summary>
        </member>
        <member name="M:Microsoft.SilverlightMediaFramework.Plugins.Progressive.ProgressiveMediaPlugin.Pause">
            <summary>
            Pauses the currently playing media.
            </summary>
        </member>
        <member name="M:Microsoft.SilverlightMediaFramework.Plugins.Progressive.ProgressiveMediaPlugin.Stop">
            <summary>
            Stops playing the current media.
            </summary>
        </member>
        <member name="M:Microsoft.SilverlightMediaFramework.Plugins.Progressive.ProgressiveMediaPlugin.Load">
            <summary>
            Loads a plug-in for playing progressive download media.
            </summary>
        </member>
        <member name="M:Microsoft.SilverlightMediaFramework.Plugins.Progressive.ProgressiveMediaPlugin.Unload">
            <summary>
            Unloads a plug-in for  progressive download media.
            </summary>
        </member>
        <member name="M:Microsoft.SilverlightMediaFramework.Plugins.Progressive.ProgressiveMediaPlugin.RequestLog">
            <summary>
            Requests that this plugin generate a LogEntry via the LogReady event
            </summary>
        </member>
        <member name="M:Microsoft.SilverlightMediaFramework.Plugins.Progressive.ProgressiveMediaPlugin.ScheduleAd(System.Uri,Microsoft.SilverlightMediaFramework.Plugins.Primitives.DeliveryMethods,System.Nullable{System.TimeSpan},System.Nullable{System.TimeSpan},System.Nullable{System.TimeSpan},System.Uri,System.Boolean,Microsoft.SilverlightMediaFramework.Plugins.Primitives.IAdContext,System.Object,System.Boolean)">
            <summary>
            Schedules an ad to be played by this plugin.
            </summary>
            <param name="adSource">The source of the ad content.</param>
            <param name="deliveryMethod">The delivery method of the ad content.</param>
            <param name="duration">The duration of the ad content that should be played.  If ommitted the plugin will play the full duration of the ad content.</param>
            <param name="startTime">The position within the media where this ad should be played.  If ommited ad will begin playing immediately.</param>
            <param name="clickThrough">The URL where the user should be directed when they click the ad.</param>
            <param name="pauseTimeline">Indicates if the timeline of the currently playing media should be paused while the ad is playing.</param>
            <param name="appendToAd">Another scheduled ad that this ad should be appended to.  If ommitted this ad will be scheduled independently.</param>
            <param name="data">User data.</param>
            <returns>A reference to the IAdContext that contains information about the scheduled ad.</returns>
        </member>
        <member name="E:Microsoft.SilverlightMediaFramework.Plugins.Progressive.ProgressiveMediaPlugin.PluginLoaded">
            <summary>
            Occurs when the plug-in is loaded.
            </summary>
        </member>
        <member name="E:Microsoft.SilverlightMediaFramework.Plugins.Progressive.ProgressiveMediaPlugin.PluginUnloaded">
            <summary>
            Occurs when the plug-in is unloaded.
            </summary>
        </member>
        <member name="E:Microsoft.SilverlightMediaFramework.Plugins.Progressive.ProgressiveMediaPlugin.PluginLoadFailed">
            <summary>
            Occurs when an exception occurs when the plug-in is loaded.
            </summary>
        </member>
        <member name="E:Microsoft.SilverlightMediaFramework.Plugins.Progressive.ProgressiveMediaPlugin.PluginUnloadFailed">
            <summary>
            Occurs when an exception occurs when the plug-in is unloaded.
            </summary>
        </member>
        <member name="E:Microsoft.SilverlightMediaFramework.Plugins.Progressive.ProgressiveMediaPlugin.LogReady">
            <summary>
            Occurs when the log is ready.
            </summary>
        </member>
        <member name="E:Microsoft.SilverlightMediaFramework.Plugins.Progressive.ProgressiveMediaPlugin.SeekCompleted">
            <summary>
            Occurs when a seek operation has completed.
            </summary>
        </member>
        <member name="E:Microsoft.SilverlightMediaFramework.Plugins.Progressive.ProgressiveMediaPlugin.BufferingProgressChanged">
            <summary>
            Occurs when the percent of the media being buffered changes.
            </summary>
        </member>
        <member name="E:Microsoft.SilverlightMediaFramework.Plugins.Progressive.ProgressiveMediaPlugin.DownloadProgressChanged">
            <summary>
            Occurs when the percent of the media downloaded changes.
            </summary>
        </member>
        <member name="E:Microsoft.SilverlightMediaFramework.Plugins.Progressive.ProgressiveMediaPlugin.MarkerReached">
            <summary>
            Occurs when a marker defined for the media file has been reached.
            </summary>
        </member>
        <member name="E:Microsoft.SilverlightMediaFramework.Plugins.Progressive.ProgressiveMediaPlugin.MediaEnded">
            <summary>
            Occurs when the media reaches the end.
            </summary>
        </member>
        <member name="E:Microsoft.SilverlightMediaFramework.Plugins.Progressive.ProgressiveMediaPlugin.MediaFailed">
            <summary>
            Occurs when the media does not open successfully.
            </summary>
        </member>
        <member name="E:Microsoft.SilverlightMediaFramework.Plugins.Progressive.ProgressiveMediaPlugin.MediaOpened">
            <summary>
            Occurs when the media successfully opens.
            </summary>
        </member>
        <member name="E:Microsoft.SilverlightMediaFramework.Plugins.Progressive.ProgressiveMediaPlugin.CurrentStateChanged">
            <summary>
            Occurs when the state of playback for the media changes.
            </summary>
        </member>
        <member name="E:Microsoft.SilverlightMediaFramework.Plugins.Progressive.ProgressiveMediaPlugin.AdClickThrough">
            <summary>
            Occurs when the user clicks on an ad.
            </summary>
        </member>
        <member name="E:Microsoft.SilverlightMediaFramework.Plugins.Progressive.ProgressiveMediaPlugin.AdError">
            <summary>
            Occurs when there is an error playing an ad.
            </summary>
        </member>
        <member name="E:Microsoft.SilverlightMediaFramework.Plugins.Progressive.ProgressiveMediaPlugin.AdProgressUpdated">
            <summary>
            Occurs when the progress of the currently playing ad has been updated.
            </summary>
        </member>
        <member name="E:Microsoft.SilverlightMediaFramework.Plugins.Progressive.ProgressiveMediaPlugin.AdStateChanged">
            <summary>
            Occurs when the state of the currently playing ad has changed.
            </summary>
        </member>
        <member name="E:Microsoft.SilverlightMediaFramework.Plugins.Progressive.ProgressiveMediaPlugin.PlaybackRateChanged">
            <summary>
            Occurs when the media's playback rate changes.
            </summary>
        </member>
        <member name="P:Microsoft.SilverlightMediaFramework.Plugins.Progressive.ProgressiveMediaPlugin.IsLoaded">
            <summary>
            Gets a value indicating whether a plug-in is currently loaded.
            </summary>
        </member>
        <member name="P:Microsoft.SilverlightMediaFramework.Plugins.Progressive.ProgressiveMediaPlugin.AutoPlay">
            <summary>
            Gets or sets a value that indicates whether the media file starts to play immediately after it is opened.
            </summary>
        </member>
        <member name="P:Microsoft.SilverlightMediaFramework.Plugins.Progressive.ProgressiveMediaPlugin.Balance">
            <summary>
            Gets or sets the ratio of the volume level across stereo speakers.
            </summary>
            <remarks>
            The value is in the range between -1 and 1. The default value of 0 signifies an equal volume between left and right stereo speakers.
            A value of -1 represents 100 percent volume in the speakers on the left, and a value of 1 represents 100 percent volume in the speakers on the right. 
            </remarks>
        </member>
        <member name="P:Microsoft.SilverlightMediaFramework.Plugins.Progressive.ProgressiveMediaPlugin.CanPause">
            <summary>
            Gets a value indicating if the current media item can be paused.
            </summary>
        </member>
        <member name="P:Microsoft.SilverlightMediaFramework.Plugins.Progressive.ProgressiveMediaPlugin.CanSeek">
            <summary>
            Gets a value indicating if the current media item allows seeking to a play position.
            </summary>
        </member>
        <member name="P:Microsoft.SilverlightMediaFramework.Plugins.Progressive.ProgressiveMediaPlugin.Duration">
            <summary>
            Gets the total time of the current media item.
            </summary>
        </member>
        <member name="P:Microsoft.SilverlightMediaFramework.Plugins.Progressive.ProgressiveMediaPlugin.EndPosition">
            <summary>
            Gets the end time of the current media item.
            </summary>
        </member>
        <member name="P:Microsoft.SilverlightMediaFramework.Plugins.Progressive.ProgressiveMediaPlugin.IsMuted">
            <summary>
            Gets or sets a value indicating if the current media item is muted so that no audio is playing.
            </summary>
        </member>
        <member name="P:Microsoft.SilverlightMediaFramework.Plugins.Progressive.ProgressiveMediaPlugin.LicenseAcquirer">
            <summary>
            Gets or sets the LicenseAcquirer associated with the IMediaPlugin. 
            The LicenseAcquirer handles acquiring licenses for DRM encrypted content.
            </summary>
        </member>
        <member name="P:Microsoft.SilverlightMediaFramework.Plugins.Progressive.ProgressiveMediaPlugin.NaturalVideoSize">
            <summary>
            Gets the size value (unscaled width and height) of the current media item.
            </summary>
        </member>
        <member name="P:Microsoft.SilverlightMediaFramework.Plugins.Progressive.ProgressiveMediaPlugin.PlaybackRate">
            <summary>
            Gets the play speed of the current media item.
            </summary>
            <remarks>
            A rate of 1.0 is normal speed.
            </remarks>
        </member>
        <member name="P:Microsoft.SilverlightMediaFramework.Plugins.Progressive.ProgressiveMediaPlugin.CurrentState">
            <summary>
            Gets the current state of the media item.
            </summary>
        </member>
        <member name="P:Microsoft.SilverlightMediaFramework.Plugins.Progressive.ProgressiveMediaPlugin.ClipPosition">
            <summary>
            Gets the current position of the clip.
            </summary>
        </member>
        <member name="P:Microsoft.SilverlightMediaFramework.Plugins.Progressive.ProgressiveMediaPlugin.IsDecodingOnGPU">
            <summary>
            Gets a value indicating whether the media is being decoded by the GPU.
            </summary>
        </member>
        <member name="E:Microsoft.SilverlightMediaFramework.Plugins.Progressive.ProgressiveMediaPlugin.MediaDrmSetupDecryptorCompleted">
            <summary>
            Only used when a custom MediaStreamSource is set.
            </summary>
        </member>
        <member name="P:Microsoft.SilverlightMediaFramework.Plugins.Progressive.ProgressiveMediaPlugin.Position">
            <summary>
            Gets the current position of the media item.
            </summary>
        </member>
        <member name="P:Microsoft.SilverlightMediaFramework.Plugins.Progressive.ProgressiveMediaPlugin.SupportsAdScheduling">
            <summary>
            Gets whether this plugin supports ad scheduling.
            </summary>
        </member>
        <member name="P:Microsoft.SilverlightMediaFramework.Plugins.Progressive.ProgressiveMediaPlugin.StartPosition">
            <summary>
            Gets the start position of the current media item (0).
            </summary>
        </member>
        <member name="P:Microsoft.SilverlightMediaFramework.Plugins.Progressive.ProgressiveMediaPlugin.Stretch">
            <summary>
            Gets the stretch setting for the current media item.
            </summary>
        </member>
        <member name="P:Microsoft.SilverlightMediaFramework.Plugins.Progressive.ProgressiveMediaPlugin.EnableGPUAcceleration">
            <summary>
            Gets or sets a boolean value indicating whether to 
            enable GPU acceleration.  In the case of the Progressive
            MediaElement, the CacheMode being set to BitmapCache
            is the equivalent of setting EnableGPUAcceleration = true
            </summary>
        </member>
        <member name="P:Microsoft.SilverlightMediaFramework.Plugins.Progressive.ProgressiveMediaPlugin.SupportedDeliveryMethods">
            <summary>
            Gets the delivery methods supported by this plugin.
            </summary>
        </member>
        <member name="P:Microsoft.SilverlightMediaFramework.Plugins.Progressive.ProgressiveMediaPlugin.SupportedPlaybackRates">
            <summary>
            Gets a collection of the playback rates for the current media item.
            </summary>
        </member>
        <member name="P:Microsoft.SilverlightMediaFramework.Plugins.Progressive.ProgressiveMediaPlugin.VisualElement">
            <summary>
            Gets a reference to the media player control.
            </summary>
        </member>
        <member name="P:Microsoft.SilverlightMediaFramework.Plugins.Progressive.ProgressiveMediaPlugin.Volume">
            <summary>
            Gets or sets the initial volume setting as a value between 0 and 1.
            </summary>
        </member>
        <member name="P:Microsoft.SilverlightMediaFramework.Plugins.Progressive.ProgressiveMediaPlugin.DroppedFramesPerSecond">
            <summary>
            Gets the dropped frames per second.
            </summary>
        </member>
        <member name="P:Microsoft.SilverlightMediaFramework.Plugins.Progressive.ProgressiveMediaPlugin.RenderedFramesPerSecond">
            <summary>
            Gets the rendered frames per second.
            </summary>
        </member>
        <member name="P:Microsoft.SilverlightMediaFramework.Plugins.Progressive.ProgressiveMediaPlugin.BufferingProgress">
            <summary>
            Gets the percentage of the current buffering that is completed.
            </summary>
        </member>
        <member name="P:Microsoft.SilverlightMediaFramework.Plugins.Progressive.ProgressiveMediaPlugin.BufferingTime">
            <summary>
            Gets or sets the amount of time for the current buffering action.
            </summary>
        </member>
        <member name="P:Microsoft.SilverlightMediaFramework.Plugins.Progressive.ProgressiveMediaPlugin.DownloadProgress">
            <summary>
            Gets the percentage of the current buffering that is completed
            </summary>
        </member>
        <member name="P:Microsoft.SilverlightMediaFramework.Plugins.Progressive.ProgressiveMediaPlugin.DownloadProgressOffset">
            <summary>
            Gets the download progress offset
            </summary>
        </member>
        <member name="P:Microsoft.SilverlightMediaFramework.Plugins.Progressive.ProgressiveMediaPlugin.Source">
            <summary>
            Gets or sets the location of the media file.
            </summary>
        </member>
        <member name="T:Microsoft.SilverlightMediaFramework.Plugins.Progressive.Resources.ProgressiveMediaPluginResources">
            <summary>
              A strongly-typed resource class, for looking up localized strings, etc.
            </summary>
        </member>
        <member name="P:Microsoft.SilverlightMediaFramework.Plugins.Progressive.Resources.ProgressiveMediaPluginResources.ResourceManager">
            <summary>
              Returns the cached ResourceManager instance used by this class.
            </summary>
        </member>
        <member name="P:Microsoft.SilverlightMediaFramework.Plugins.Progressive.Resources.ProgressiveMediaPluginResources.Culture">
            <summary>
              Overrides the current thread's CurrentUICulture property for all
              resource lookups using this strongly typed resource class.
            </summary>
        </member>
        <member name="P:Microsoft.SilverlightMediaFramework.Plugins.Progressive.Resources.ProgressiveMediaPluginResources.MediaElementGeneratedLogMessageFormat">
            <summary>
              Looks up a localized string similar to Media Element Generated Log - Reason: {0}.
            </summary>
        </member>
        <member name="P:Microsoft.SilverlightMediaFramework.Plugins.Progressive.Resources.ProgressiveMediaPluginResources.ProgressiveMediaPluginInstantiatedLogMessage">
            <summary>
              Looks up a localized string similar to ProgressiveMediaPlugin Instantiated.
            </summary>
        </member>
        <member name="P:Microsoft.SilverlightMediaFramework.Plugins.Progressive.Resources.ProgressiveMediaPluginResources.ProgressiveMediaPluginLoadedLogMessage">
            <summary>
              Looks up a localized string similar to ProgressiveMediaPlugin Loaded.
            </summary>
        </member>
        <member name="P:Microsoft.SilverlightMediaFramework.Plugins.Progressive.Resources.ProgressiveMediaPluginResources.ProgressiveMediaPluginUnloadedLogMessage">
            <summary>
              Looks up a localized string similar to ProgressiveMediaPlugin Unloaded.
            </summary>
        </member>
        <member name="P:Microsoft.SilverlightMediaFramework.Plugins.Progressive.Resources.ProgressiveMediaPluginResources.TimelineMarkerReached">
            <summary>
              Looks up a localized string similar to Timeline Marker Reached - Time: {0} Type: {1} Text: {2}.
            </summary>
        </member>
        <member name="P:Microsoft.SilverlightMediaFramework.Plugins.Progressive.Resources.ProgressiveMediaPluginResources.UnsupportedPlaybackRateMessage">
            <summary>
              Looks up a localized string similar to {0} is not a valid Playback Rate.
            </summary>
        </member>
    </members>
</doc>
